{
  "MAPE": 0.08013280764994007,
  "RMSE": 0.20368415061664574,
  "samples": 95963,
  "status": "trained"
}